Domain Code,Domain,Reporter Country Code (M49),Reporter Countries,Partner Country Code (M49),Partner Countries,Element Code,Element,Item Code (CPC),Item,Year Code,Year,Unit,Value,Flag,Flag Description
"TM","Detailed trade matrix","036","Australia","004","Afghanistan","5910","Export quantity","0111","Wheat","1989","1989","t","1100","A","Official value"
"TM","Detailed trade matrix","036","Australia","004","Afghanistan","5910","Export quantity","0111","Wheat","1990","1990","t","2300","A","Official value"
"TM","Detailed trade matrix","036","Australia","004","Afghanistan","5910","Export quantity","0111","Wheat","1996","1996","t","5000","A","Official value"
"TM","Detailed trade matrix","036","Australia","004","Afghanistan","5910","Export quantity","0111","Wheat","1997","1997","t","2309","A","Official value"
"TM","Detailed trade matrix","056","Belgium","004","Afghanistan","5910","Export quantity","0111","Wheat","2000","2000","t","20124","A","Official value"
"TM","Detailed trade matrix","056","Belgium","004","Afghanistan","5910","Export quantity","0111","Wheat","2001","2001","t","2925","A","Official value"
"TM","Detailed trade matrix","056","Belgium","004","Afghanistan","5910","Export quantity","0111","Wheat","2010","2010","t","158","A","Official value"
"TM","Detailed trade matrix","058","Belgium-Luxembourg","004","Afghanistan","5910","Export quantity","0111","Wheat","1990","1990","t","1840","A","Official value"
"TM","Detailed trade matrix","058","Belgium-Luxembourg","004","Afghanistan","5910","Export quantity","0111","Wheat","1991","1991","t","200","A","Official value"
"TM","Detailed trade matrix","058","Belgium-Luxembourg","004","Afghanistan","5910","Export quantity","0111","Wheat","1993","1993","t","993","A","Official value"
"TM","Detailed trade matrix","058","Belgium-Luxembourg","004","Afghanistan","5910","Export quantity","0111","Wheat","1995","1995","t","22022","A","Official value"
"TM","Detailed trade matrix","058","Belgium-Luxembourg","004","Afghanistan","5910","Export quantity","0111","Wheat","1996","1996","t","5000","A","Official value"
"TM","Detailed trade matrix","058","Belgium-Luxembourg","004","Afghanistan","5910","Export quantity","0111","Wheat","1997","1997","t","3356","A","Official value"
"TM","Detailed trade matrix","058","Belgium-Luxembourg","004","Afghanistan","5910","Export quantity","0111","Wheat","1998","1998","t","2500","A","Official value"
"TM","Detailed trade matrix","124","Canada","004","Afghanistan","5910","Export quantity","0111","Wheat","1991","1991","t","7800","A","Official value"
"TM","Detailed trade matrix","124","Canada","004","Afghanistan","5910","Export quantity","0111","Wheat","1995","1995","t","29999","A","Official value"
"TM","Detailed trade matrix","124","Canada","004","Afghanistan","5910","Export quantity","0111","Wheat","2001","2001","t","519","X","Value from external organization"
"TM","Detailed trade matrix","124","Canada","004","Afghanistan","5910","Export quantity","0111","Wheat","2003","2003","t","1020","A","Official value"
"TM","Detailed trade matrix","124","Canada","004","Afghanistan","5910","Export quantity","0111","Wheat","2005","2005","t","2001","A","Official value"
"TM","Detailed trade matrix","156","China, mainland","004","Afghanistan","5910","Export quantity","0111","Wheat","2002","2002","t","3","A","Official value"
"TM","Detailed trade matrix","156","China, mainland","004","Afghanistan","5910","Export quantity","0111","Wheat","2008","2008","t","4380","A","Official value"
"TM","Detailed trade matrix","156","China, mainland","004","Afghanistan","5910","Export quantity","0111","Wheat","2009","2009","t","8100","A","Official value"
"TM","Detailed trade matrix","156","China, mainland","004","Afghanistan","5910","Export quantity","0111","Wheat","2021","2021","t","2564","A","Official value"
"TM","Detailed trade matrix","156","China, mainland","004","Afghanistan","5910","Export quantity","0111","Wheat","2022","2022","t","780","A","Official value"
"TM","Detailed trade matrix","246","Finland","004","Afghanistan","5910","Export quantity","0111","Wheat","1989","1989","t","1440","A","Official value"
"TM","Detailed trade matrix","246","Finland","004","Afghanistan","5910","Export quantity","0111","Wheat","1991","1991","t","1560","A","Official value"
"TM","Detailed trade matrix","250","France","004","Afghanistan","5910","Export quantity","0111","Wheat","1991","1991","t","7000","A","Official value"
"TM","Detailed trade matrix","250","France","004","Afghanistan","5910","Export quantity","0111","Wheat","1992","1992","t","10000","A","Official value"
"TM","Detailed trade matrix","250","France","004","Afghanistan","5910","Export quantity","0111","Wheat","1993","1993","t","10000","A","Official value"
"TM","Detailed trade matrix","250","France","004","Afghanistan","5910","Export quantity","0111","Wheat","1994","1994","t","14000","A","Official value"
"TM","Detailed trade matrix","250","France","004","Afghanistan","5910","Export quantity","0111","Wheat","1995","1995","t","8000","A","Official value"
"TM","Detailed trade matrix","250","France","004","Afghanistan","5910","Export quantity","0111","Wheat","1996","1996","t","22457","A","Official value"
"TM","Detailed trade matrix","250","France","004","Afghanistan","5910","Export quantity","0111","Wheat","1998","1998","t","8000","A","Official value"
"TM","Detailed trade matrix","250","France","004","Afghanistan","5910","Export quantity","0111","Wheat","2001","2001","t","12500","A","Official value"
"TM","Detailed trade matrix","250","France","004","Afghanistan","5910","Export quantity","0111","Wheat","2002","2002","t","845","A","Official value"
"TM","Detailed trade matrix","250","France","004","Afghanistan","5910","Export quantity","0111","Wheat","2003","2003","t","1515","A","Official value"
"TM","Detailed trade matrix","250","France","004","Afghanistan","5910","Export quantity","0111","Wheat","2004","2004","t","753","A","Official value"
"TM","Detailed trade matrix","250","France","004","Afghanistan","5910","Export quantity","0111","Wheat","2006","2006","t","53","A","Official value"
"TM","Detailed trade matrix","250","France","004","Afghanistan","5910","Export quantity","0111","Wheat","2007","2007","t","33","A","Official value"
"TM","Detailed trade matrix","250","France","004","Afghanistan","5910","Export quantity","0111","Wheat","2008","2008","t","122","A","Official value"
"TM","Detailed trade matrix","250","France","004","Afghanistan","5910","Export quantity","0111","Wheat","2009","2009","t","36148","A","Official value"
"TM","Detailed trade matrix","250","France","004","Afghanistan","5910","Export quantity","0111","Wheat","2010","2010","t","326","A","Official value"
"TM","Detailed trade matrix","250","France","004","Afghanistan","5910","Export quantity","0111","Wheat","2011","2011","t","47","A","Official value"
"TM","Detailed trade matrix","276","Germany","004","Afghanistan","5910","Export quantity","0111","Wheat","1996","1996","t","14793","A","Official value"
"TM","Detailed trade matrix","348","Hungary","004","Afghanistan","5910","Export quantity","0111","Wheat","1992","1992","t","12971","A","Official value"
"TM","Detailed trade matrix","356","India","004","Afghanistan","5910","Export quantity","0111","Wheat","1990","1990","t","1300","A","Official value"
"TM","Detailed trade matrix","356","India","004","Afghanistan","5910","Export quantity","0111","Wheat","1995","1995","t","40","A","Official value"
"TM","Detailed trade matrix","356","India","004","Afghanistan","5910","Export quantity","0111","Wheat","2012","2012","t","45437","A","Official value"
"TM","Detailed trade matrix","356","India","004","Afghanistan","5910","Export quantity","0111","Wheat","2013","2013","t","127637","A","Official value"
"TM","Detailed trade matrix","356","India","004","Afghanistan","5910","Export quantity","0111","Wheat","2014","2014","t","30050","A","Official value"
"TM","Detailed trade matrix","356","India","004","Afghanistan","5910","Export quantity","0111","Wheat","2017","2017","t","18975","A","Official value"
"TM","Detailed trade matrix","356","India","004","Afghanistan","5910","Export quantity","0111","Wheat","2018","2018","t","26406","A","Official value"
"TM","Detailed trade matrix","356","India","004","Afghanistan","5910","Export quantity","0111","Wheat","2020","2020","t","55584","A","Official value"
"TM","Detailed trade matrix","356","India","004","Afghanistan","5910","Export quantity","0111","Wheat","2022","2022","t","37242.01","A","Official value"
"TM","Detailed trade matrix","364","Iran (Islamic Republic of)","004","Afghanistan","5910","Export quantity","0111","Wheat","2014","2014","t","49.8","A","Official value"
"TM","Detailed trade matrix","380","Italy","004","Afghanistan","5910","Export quantity","0111","Wheat","1992","1992","t","4600","A","Official value"
"TM","Detailed trade matrix","380","Italy","004","Afghanistan","5910","Export quantity","0111","Wheat","2010","2010","t","158","A","Official value"
"TM","Detailed trade matrix","398","Kazakhstan","004","Afghanistan","5910","Export quantity","0111","Wheat","1998","1998","t","19694","A","Official value"
"TM","Detailed trade matrix","398","Kazakhstan","004","Afghanistan","5910","Export quantity","0111","Wheat","1999","1999","t","38991","A","Official value"
"TM","Detailed trade matrix","398","Kazakhstan","004","Afghanistan","5910","Export quantity","0111","Wheat","2000","2000","t","488831","A","Official value"
"TM","Detailed trade matrix","398","Kazakhstan","004","Afghanistan","5910","Export quantity","0111","Wheat","2001","2001","t","102083","A","Official value"
"TM","Detailed trade matrix","398","Kazakhstan","004","Afghanistan","5910","Export quantity","0111","Wheat","2002","2002","t","126699","A","Official value"
"TM","Detailed trade matrix","398","Kazakhstan","004","Afghanistan","5910","Export quantity","0111","Wheat","2003","2003","t","16710","A","Official value"
"TM","Detailed trade matrix","398","Kazakhstan","004","Afghanistan","5910","Export quantity","0111","Wheat","2004","2004","t","21287","A","Official value"
"TM","Detailed trade matrix","398","Kazakhstan","004","Afghanistan","5910","Export quantity","0111","Wheat","2005","2005","t","50169","A","Official value"
"TM","Detailed trade matrix","398","Kazakhstan","004","Afghanistan","5910","Export quantity","0111","Wheat","2006","2006","t","32955","A","Official value"
"TM","Detailed trade matrix","398","Kazakhstan","004","Afghanistan","5910","Export quantity","0111","Wheat","2007","2007","t","34765","A","Official value"
"TM","Detailed trade matrix","398","Kazakhstan","004","Afghanistan","5910","Export quantity","0111","Wheat","2008","2008","t","310005","A","Official value"
"TM","Detailed trade matrix","398","Kazakhstan","004","Afghanistan","5910","Export quantity","0111","Wheat","2009","2009","t","316106","A","Official value"
"TM","Detailed trade matrix","398","Kazakhstan","004","Afghanistan","5910","Export quantity","0111","Wheat","2011","2011","t","82789","A","Official value"
"TM","Detailed trade matrix","398","Kazakhstan","004","Afghanistan","5910","Export quantity","0111","Wheat","2012","2012","t","54877","A","Official value"
"TM","Detailed trade matrix","398","Kazakhstan","004","Afghanistan","5910","Export quantity","0111","Wheat","2013","2013","t","33254","A","Official value"
"TM","Detailed trade matrix","398","Kazakhstan","004","Afghanistan","5910","Export quantity","0111","Wheat","2014","2014","t","36518.88","A","Official value"
"TM","Detailed trade matrix","398","Kazakhstan","004","Afghanistan","5910","Export quantity","0111","Wheat","2015","2015","t","140386.39","A","Official value"
"TM","Detailed trade matrix","398","Kazakhstan","004","Afghanistan","5910","Export quantity","0111","Wheat","2016","2016","t","253781.69","A","Official value"
"TM","Detailed trade matrix","398","Kazakhstan","004","Afghanistan","5910","Export quantity","0111","Wheat","2017","2017","t","284994.19","A","Official value"
"TM","Detailed trade matrix","398","Kazakhstan","004","Afghanistan","5910","Export quantity","0111","Wheat","2018","2018","t","386758.09","A","Official value"
"TM","Detailed trade matrix","398","Kazakhstan","004","Afghanistan","5910","Export quantity","0111","Wheat","2019","2019","t","292942.22","A","Official value"
"TM","Detailed trade matrix","398","Kazakhstan","004","Afghanistan","5910","Export quantity","0111","Wheat","2020","2020","t","528433.23","A","Official value"
"TM","Detailed trade matrix","398","Kazakhstan","004","Afghanistan","5910","Export quantity","0111","Wheat","2021","2021","t","571407","A","Official value"
"TM","Detailed trade matrix","398","Kazakhstan","004","Afghanistan","5910","Export quantity","0111","Wheat","2022","2022","t","686729.7","A","Official value"
"TM","Detailed trade matrix","398","Kazakhstan","004","Afghanistan","5910","Export quantity","0111","Wheat","2023","2023","t","448037.73","A","Official value"
"TM","Detailed trade matrix","398","Kazakhstan","004","Afghanistan","5910","Export quantity","0111","Wheat","2024","2024","t","251583","A","Official value"
"TM","Detailed trade matrix","417","Kyrgyzstan","004","Afghanistan","5910","Export quantity","0111","Wheat","1998","1998","t","3120","A","Official value"
"TM","Detailed trade matrix","417","Kyrgyzstan","004","Afghanistan","5910","Export quantity","0111","Wheat","1999","1999","t","1200","A","Official value"
"TM","Detailed trade matrix","417","Kyrgyzstan","004","Afghanistan","5910","Export quantity","0111","Wheat","2000","2000","t","1330","A","Official value"
"TM","Detailed trade matrix","417","Kyrgyzstan","004","Afghanistan","5910","Export quantity","0111","Wheat","2001","2001","t","2249","A","Official value"
"TM","Detailed trade matrix","417","Kyrgyzstan","004","Afghanistan","5910","Export quantity","0111","Wheat","2002","2002","t","9","A","Official value"
"TM","Detailed trade matrix","417","Kyrgyzstan","004","Afghanistan","5910","Export quantity","0111","Wheat","2003","2003","t","4073","A","Official value"
"TM","Detailed trade matrix","586","Pakistan","004","Afghanistan","5910","Export quantity","0111","Wheat","1995","1995","t","2473","A","Official value"
"TM","Detailed trade matrix","586","Pakistan","004","Afghanistan","5910","Export quantity","0111","Wheat","1996","1996","t","2473","A","Official value"
"TM","Detailed trade matrix","586","Pakistan","004","Afghanistan","5910","Export quantity","0111","Wheat","2000","2000","t","23148","A","Official value"
"TM","Detailed trade matrix","586","Pakistan","004","Afghanistan","5910","Export quantity","0111","Wheat","2001","2001","t","61635","A","Official value"
"TM","Detailed trade matrix","586","Pakistan","004","Afghanistan","5910","Export quantity","0111","Wheat","2002","2002","t","48764","A","Official value"
"TM","Detailed trade matrix","586","Pakistan","004","Afghanistan","5910","Export quantity","0111","Wheat","2003","2003","t","13767","A","Official value"
"TM","Detailed trade matrix","586","Pakistan","004","Afghanistan","5910","Export quantity","0111","Wheat","2004","2004","t","228","A","Official value"
"TM","Detailed trade matrix","586","Pakistan","004","Afghanistan","5910","Export quantity","0111","Wheat","2007","2007","t","20612","A","Official value"
"TM","Detailed trade matrix","586","Pakistan","004","Afghanistan","5910","Export quantity","0111","Wheat","2008","2008","t","29691","A","Official value"
"TM","Detailed trade matrix","586","Pakistan","004","Afghanistan","5910","Export quantity","0111","Wheat","2009","2009","t","142506","A","Official value"
"TM","Detailed trade matrix","586","Pakistan","004","Afghanistan","5910","Export quantity","0111","Wheat","2010","2010","t","4931","A","Official value"
"TM","Detailed trade matrix","586","Pakistan","004","Afghanistan","5910","Export quantity","0111","Wheat","2011","2011","t","50199","A","Official value"
"TM","Detailed trade matrix","586","Pakistan","004","Afghanistan","5910","Export quantity","0111","Wheat","2012","2012","t","25276","A","Official value"
"TM","Detailed trade matrix","586","Pakistan","004","Afghanistan","5910","Export quantity","0111","Wheat","2013","2013","t","27909","A","Official value"
"TM","Detailed trade matrix","586","Pakistan","004","Afghanistan","5910","Export quantity","0111","Wheat","2014","2014","t","12101","A","Official value"
"TM","Detailed trade matrix","586","Pakistan","004","Afghanistan","5910","Export quantity","0111","Wheat","2015","2015","t","6128","A","Official value"
"TM","Detailed trade matrix","586","Pakistan","004","Afghanistan","5910","Export quantity","0111","Wheat","2016","2016","t","4691","A","Official value"
"TM","Detailed trade matrix","586","Pakistan","004","Afghanistan","5910","Export quantity","0111","Wheat","2017","2017","t","2905.21","I","Value imputed by a receiving agency"
"TM","Detailed trade matrix","586","Pakistan","004","Afghanistan","5910","Export quantity","0111","Wheat","2018","2018","t","18745","A","Official value"
"TM","Detailed trade matrix","586","Pakistan","004","Afghanistan","5910","Export quantity","0111","Wheat","2019","2019","t","40926","A","Official value"
"TM","Detailed trade matrix","616","Poland","004","Afghanistan","5910","Export quantity","0111","Wheat","1992","1992","t","1504","A","Official value"
"TM","Detailed trade matrix","643","Russian Federation","004","Afghanistan","5910","Export quantity","0111","Wheat","2002","2002","t","5000","A","Official value"
"TM","Detailed trade matrix","643","Russian Federation","004","Afghanistan","5910","Export quantity","0111","Wheat","2003","2003","t","18","A","Official value"
"TM","Detailed trade matrix","643","Russian Federation","004","Afghanistan","5910","Export quantity","0111","Wheat","2008","2008","t","22607","A","Official value"
"TM","Detailed trade matrix","643","Russian Federation","004","Afghanistan","5910","Export quantity","0111","Wheat","2009","2009","t","15129","A","Official value"
"TM","Detailed trade matrix","643","Russian Federation","004","Afghanistan","5910","Export quantity","0111","Wheat","2018","2018","t","65","A","Official value"
"TM","Detailed trade matrix","643","Russian Federation","004","Afghanistan","5910","Export quantity","0111","Wheat","2020","2020","t","3388.75","A","Official value"
"TM","Detailed trade matrix","643","Russian Federation","004","Afghanistan","5910","Export quantity","0111","Wheat","2021","2021","t","42","A","Official value"
"TM","Detailed trade matrix","762","Tajikistan","004","Afghanistan","5910","Export quantity","0111","Wheat","2021","2021","t","700","A","Official value"
"TM","Detailed trade matrix","762","Tajikistan","004","Afghanistan","5910","Export quantity","0111","Wheat","2022","2022","t","230","A","Official value"
"TM","Detailed trade matrix","792","Türkiye","004","Afghanistan","5910","Export quantity","0111","Wheat","2003","2003","t","0","A","Official value"
"TM","Detailed trade matrix","792","Türkiye","004","Afghanistan","5910","Export quantity","0111","Wheat","2006","2006","t","0","A","Official value"
"TM","Detailed trade matrix","792","Türkiye","004","Afghanistan","5910","Export quantity","0111","Wheat","2010","2010","t","1","A","Official value"
"TM","Detailed trade matrix","792","Türkiye","004","Afghanistan","5910","Export quantity","0111","Wheat","2011","2011","t","4","A","Official value"
"TM","Detailed trade matrix","792","Türkiye","004","Afghanistan","5910","Export quantity","0111","Wheat","2012","2012","t","1","A","Official value"
"TM","Detailed trade matrix","804","Ukraine","004","Afghanistan","5910","Export quantity","0111","Wheat","2008","2008","t","28338","A","Official value"
"TM","Detailed trade matrix","804","Ukraine","004","Afghanistan","5910","Export quantity","0111","Wheat","2009","2009","t","1469","A","Official value"
"TM","Detailed trade matrix","784","United Arab Emirates","004","Afghanistan","5910","Export quantity","0111","Wheat","2014","2014","t","10.8","A","Official value"
"TM","Detailed trade matrix","784","United Arab Emirates","004","Afghanistan","5910","Export quantity","0111","Wheat","2015","2015","t","4.2","A","Official value"
"TM","Detailed trade matrix","784","United Arab Emirates","004","Afghanistan","5910","Export quantity","0111","Wheat","2019","2019","t","0.4","A","Official value"
"TM","Detailed trade matrix","784","United Arab Emirates","004","Afghanistan","5910","Export quantity","0111","Wheat","2020","2020","t","1.03","A","Official value"
"TM","Detailed trade matrix","826","United Kingdom of Great Britain and Northern Ireland","004","Afghanistan","5910","Export quantity","0111","Wheat","1995","1995","t","4700","A","Official value"
"TM","Detailed trade matrix","826","United Kingdom of Great Britain and Northern Ireland","004","Afghanistan","5910","Export quantity","0111","Wheat","1996","1996","t","8500","A","Official value"
"TM","Detailed trade matrix","826","United Kingdom of Great Britain and Northern Ireland","004","Afghanistan","5910","Export quantity","0111","Wheat","1997","1997","t","22000","A","Official value"
"TM","Detailed trade matrix","840","United States of America","004","Afghanistan","5910","Export quantity","0111","Wheat","1993","1993","t","50000","A","Official value"
"TM","Detailed trade matrix","840","United States of America","004","Afghanistan","5910","Export quantity","0111","Wheat","1996","1996","t","40002","A","Official value"
"TM","Detailed trade matrix","840","United States of America","004","Afghanistan","5910","Export quantity","0111","Wheat","1997","1997","t","29520","A","Official value"
"TM","Detailed trade matrix","840","United States of America","004","Afghanistan","5910","Export quantity","0111","Wheat","1999","1999","t","33261","A","Official value"
"TM","Detailed trade matrix","840","United States of America","004","Afghanistan","5910","Export quantity","0111","Wheat","2000","2000","t","22517","A","Official value"
"TM","Detailed trade matrix","840","United States of America","004","Afghanistan","5910","Export quantity","0111","Wheat","2004","2004","t","23403","A","Official value"
"TM","Detailed trade matrix","840","United States of America","004","Afghanistan","5910","Export quantity","0111","Wheat","2005","2005","t","74420","A","Official value"
"TM","Detailed trade matrix","840","United States of America","004","Afghanistan","5910","Export quantity","0111","Wheat","2006","2006","t","66990","X","Value from external organization"
"TM","Detailed trade matrix","840","United States of America","004","Afghanistan","5910","Export quantity","0111","Wheat","2007","2007","t","66775","X","Value from external organization"
"TM","Detailed trade matrix","840","United States of America","004","Afghanistan","5910","Export quantity","0111","Wheat","2008","2008","t","59260","X","Value from external organization"
"TM","Detailed trade matrix","840","United States of America","004","Afghanistan","5910","Export quantity","0111","Wheat","2010","2010","t","46040","X","Value from external organization"
"TM","Detailed trade matrix","840","United States of America","004","Afghanistan","5910","Export quantity","0111","Wheat","2011","2011","t","19762","X","Value from external organization"
"TM","Detailed trade matrix","840","United States of America","004","Afghanistan","5910","Export quantity","0111","Wheat","2012","2012","t","14010","A","Official value"
"TM","Detailed trade matrix","840","United States of America","004","Afghanistan","5910","Export quantity","0111","Wheat","2015","2015","t","30020","A","Official value"
"TM","Detailed trade matrix","810","USSR","004","Afghanistan","5910","Export quantity","0111","Wheat","1986","1986","t","81955","A","Official value"
"TM","Detailed trade matrix","810","USSR","004","Afghanistan","5910","Export quantity","0111","Wheat","1987","1987","t","12850","A","Official value"
"TM","Detailed trade matrix","860","Uzbekistan","004","Afghanistan","5910","Export quantity","0111","Wheat","2017","2017","t","271201","A","Official value"
"TM","Detailed trade matrix","860","Uzbekistan","004","Afghanistan","5910","Export quantity","0111","Wheat","2018","2018","t","104673.8","A","Official value"
"TM","Detailed trade matrix","860","Uzbekistan","004","Afghanistan","5910","Export quantity","0111","Wheat","2019","2019","t","61157.45","A","Official value"
"TM","Detailed trade matrix","860","Uzbekistan","004","Afghanistan","5910","Export quantity","0111","Wheat","2020","2020","t","10847.1","A","Official value"
"TM","Detailed trade matrix","860","Uzbekistan","004","Afghanistan","5910","Export quantity","0111","Wheat","2021","2021","t","1036.94","A","Official value"
"TM","Detailed trade matrix","860","Uzbekistan","004","Afghanistan","5910","Export quantity","0111","Wheat","2022","2022","t","8030.21","A","Official value"
"TM","Detailed trade matrix","860","Uzbekistan","004","Afghanistan","5910","Export quantity","0111","Wheat","2023","2023","t","34852.46","A","Official value"
"TM","Detailed trade matrix","860","Uzbekistan","004","Afghanistan","5910","Export quantity","0111","Wheat","2024","2024","t","22816.39","A","Official value"
